"","x","es","order.num"
"179",0.894472361809045,0.0916993073328833,179
"112",0.557788944723618,0.452744731268338,112
"185",0.924623115577889,0.082851315751613,185
"85",0.422110552763819,0.148325638974701,85
