"","x","es","order.num"
"1",0.894472361809045,0.0916993073328833,179
"2",0.557788944723618,0.452744731268338,112
"3",0.924623115577889,0.082851315751613,185
"4",0.422110552763819,0.148325638974701,85
"5",0.919597989949749,0.0839903797299543,184
"6",0.92964824120603,0.0818410688457194,186
"7",0.939698492462312,0.0801973876704108,188
