"","x","es","order.num"
"1",0.894472361809045,0.0916993073328833,179
"2",0.557788944723618,0.452744731268338,112
"3",0.924623115577889,0.082851315751613,185
"4",0.422110552763819,0.148325638974701,85
"5",0.331658291457286,-0.460750145156288,67
"6",0.386934673366834,-0.0693701093298153,78
"7",0.381909547738693,-0.104030893512332,77
"71",0.381909547738693,-0.104030893512332,77
"711",0.381909547738693,-0.104030893512332,77
