"","x","es","order.num","pro.es"
"179",0.894472361809045,0.0916993073328833,179,0.201480333742687
"112",0.557788944723618,0.452744731268338,112,0.562525757678142
"185",0.924623115577889,0.082851315751613,185,0.192632342161416
"85",0.422110552763819,0.148325638974701,85,0.258106665384504
