"","x","es","order.num","pro.es"
"1",0.894472361809045,0.0916993073328833,179,0.201480333742687
"2",0.557788944723618,0.452744731268338,112,0.562525757678142
"3",0.924623115577889,0.082851315751613,185,0.192632342161416
"4",0.422110552763819,0.148325638974701,85,0.258106665384504
"5",0.321608040201005,-0.525620206236951,65,0.415839179827147
"6",0.994974874371859,0.0793055841587413,199,0.189086610568545
