"","x","es","order.num","pro.es"
"1",0.894472361809045,0.0916993073328833,179,0.201480333742687
"2",0.557788944723618,0.452744731268338,112,0.562525757678142
"3",0.924623115577889,0.082851315751613,185,0.192632342161416
"4",0.422110552763819,0.148325638974701,85,0.258106665384504
"5",0.21105527638191,-0.572558860334987,43,0.462777833925184
"6",0,-0.604577408296694,1,0.494796381886891
"7",0.743718592964824,0.217958687701226,149,0.327739714111029
