"","ego","ego.sd","PI","PI.sd","LCB","LCB.sd","EQI","EQI.sd"
"1",13.23,1.54412036723029,13.365,1.6241437153864,13.705,1.41620081351866,21.07,2.98789130027815
