"","x","es","order.num","pro.es"
"1",0.894472361809045,0.0916993073328833,179,0.201480333742687
"2",0.557788944723618,0.452744731268338,112,0.562525757678142
"3",0.924623115577889,0.082851315751613,185,0.192632342161416
"4",0.422110552763819,0.148325638974701,85,0.258106665384504
"5",0.321608040201005,-0.525620206236951,65,0.415839179827147
"6",0.984924623115578,0.0785257590781056,197,0.188306785487909
"7",0.804020100502513,0.150385028196067,161,0.26016605460587
"8",0,-0.604577408296694,1,0.494796381886891
