"","x","es","order.num","pro.es"
"1",0.894472361809045,0.0916993073328833,179,0.201480333742687
"2",0.557788944723618,0.452744731268338,112,0.562525757678142
"3",0.924623115577889,0.082851315751613,185,0.192632342161416
"4",0.422110552763819,0.148325638974701,85,0.258106665384504
"5",0.296482412060302,-0.658771553406524,60,0.548990526996721
"6",0.763819095477387,0.193018239245252,153,0.302799265655056
"7",0,-0.604577408296694,1,0.494796381886891
"8",0.14572864321608,-0.150116336029811,30,0.0403353096200074
